{
  "Student": [
    {
      "id": 1,
      "stuname": "Utsav",
      "email": "utsav1234@gmail.com"
    },
    {
      "id": 2,
      "stuname": "Kishan",
      "email": "kishana123@gmail.com"
    },
    {
      "id": 3,
      "stuname": "Sahil",
      "email": "sahil123@gmail.com"
    },
    {
      "stuname": "Janki",
      "email": "janki123@gmail.com",
      "id": 5
    },
    {
      "stuname": "Rajal",
      "email": "rajal123@gmail.com",
      "id": 6
    },
    {
      "stuname": "Palak",
      "email": "palak123@gmail.com",
      "id": 7
    }
  ]
}