{
"status": "ok",
"totalResults": 9354,
"articles": [
{
"source": {
"id": "engadget",
"name": "Engadget"
},
"author": "Kris Holt",
"title": "New York passes a bill to limit bitcoin mining",
"description": "New York lawmakers have passed a bill\r\n that would temporarily ban new bitcoin\r\n mining operations. Early on Friday, state senators voted 3627 to pass the legislation. It's now bound for the desk of Governor Kathy Hochul, who will sign it into law or veto th…",
"url": "https://www.engadget.com/newyorkcryptocurrencybillbitcoinminingclimatechange161126292.html",
"urlToImage": "https://s.yimg.com/os/creatruploadedimages/202105/a8217250bdfa11ebbfc42663225cea83",
"publishedAt": "20220603T16:11:26Z",
"content": "New York lawmakers have passed a bill\r\n that would temporarily ban new bitcoin\r\n mining operations. Early on Friday, state senators voted 3627 to pass the legislation. It's now bound for the desk of… [+2036 chars]"
},
{
"source": {
"id": "wired",
"name": "Wired"
},
"author": "Arielle Pardes",
"title": "Miami’s Bitcoin Conference Left a Trail of Harassment",
"description": "For some women, inappropriate conduct from other conferencegoers continued to haunt them online.",
"url": "https://www.wired.com/story/bitcoin2022conferenceharassment/",
"urlToImage": "https://media.wired.com/photos/627a89e3e37e715cb7d760d2/191:100/w_1280,c_limit/Bitcoin_Miami_Biz_GettyImages1239817123.jpg",
"publishedAt": "20220510T16:59:46Z",
"content": "Now, even though there are a number of womenfocused crypto spaces, Odeniran says women are still underrepresented. Ive been in spaces where Im the only Black person, or the only woman, or the only B… [+3828 chars]"
},
{
"source": {
"id": "bbcnews",
"name": "BBC News"
},
"author": "https://www.facebook.com/bbcnews",
"title": "Why the Central African Republic adopted Bitcoin",
"description": "Some 90% of people in the Central African Republic lack access to the internet, needed to use Bitcoin.",
"url": "https://www.bbc.co.uk/news/worldafrica61565485",
"urlToImage": "https://ichef.bbci.co.uk/news/1024/branded_news/394F/production/_125017641_gettyimages1320532557.jpg",
"publishedAt": "20220605T23:03:49Z",
"content": "Image caption, President FaustinArchange Touadéra wants to rethink his country's economic philosophy\r\nThe Central African Republic's decision to adopt Bitcoin as legal tender came as a surprise to m… [+8881 chars]"
},
{
"source": {
"id": "engadget",
"name": "Engadget"
},
"author": "Mariella Moon",
"title": "Chipotle now accepts cryptocurrency payments",
"description": "You can now reportedly pay for your burritos and tacos with Bitcoin and other digital currencies, in case you don't mind spending your coins directly instead of going through exchanges first. Flexa has announced that the Mexican fast food chain can now accept…",
"url": "https://www.engadget.com/chipotleacceptscryptocurrencypayments123013632.html",
"urlToImage": "https://s.yimg.com/os/creatrimages/201911/62e01e20049311eabffd0d62f5b23b7c",
"publishedAt": "20220602T12:30:13Z",
"content": "You can now reportedly pay for your burritos and tacos with Bitcoin and other digital currencies, in case you don't mind spending your coins directly instead of going through exchanges first. Flexa h… [+1428 chars]"
},
{
"source": {
"id": "bbcnews",
"name": "BBC News"
},
"author": "https://www.facebook.com/bbcnews",
"title": "Bitcoin value drops by 50% since November peak",
"description": "The slide in the value of cryptocurrencies comes as stock markets around the world have also fallen.",
"url": "https://www.bbc.co.uk/news/business61375152",
"urlToImage": "https://ichef.bbci.co.uk/news/1024/branded_news/8362/production/_124643633_gettyimages1384896168.jpg",
"publishedAt": "20220509T03:04:37Z",
"content": "Image source, Getty Images\r\nThe value of Bitcoin continued to fall over the weekend as it dropped below $34,000 (£27,630), according to the Coinbase cryptocurrency exchange.\r\nThe world's largest cryp… [+2164 chars]"
},
{
"source": {
"id": null,
"name": "Gizmodo.com"
},
"author": "Kyle Barr",
"title": "Luna Foundation Tried to Prop Up Terra’s Crumbling Base With Billions in Bitcoin, But It Still Failed",
"description": "As a kid, I remember when my father tried to use a broom handle in a last ditch effort to support a roof that was collapsing from the weight of nearly three feet of snow. You can guess how well that went. In a similar vein, Terra blockchain reportedly spent $…",
"url": "https://gizmodo.com/lunafoundationterrabitcoincryptolfg1848933191",
"urlToImage": "https://i.kinjaimg.com/gawkermedia/image/upload/c_fill,f_auto,fl_progressive,g_center,h_675,pg_1,q_80,w_1200/f8f25ce9a57b3454932cdead4c3278b6.jpg",
"publishedAt": "20220516T20:45:00Z",
"content": "As a kid, I remember when my father tried to use a broom handle in a last ditch effort to support a roof that was collapsing from the weight of nearly three feet of snow. You can guess how well that … [+3390 chars]"
},
{
"source": {
"id": null,
"name": "Gizmodo.com"
},
"author": "Matt Novak",
"title": "Chipotle Lovers Can Now Buy Burritos With Bitcoin, Ether, and More: Report",
"description": "Customers at Chipotle will now be able to pay for their burritos with cryptocurrencies, including bitcoin, ether, and dogecoin, in a move that could help crypto become more mainstream, according to trade publication Restaurant Business. But there’s just one i…",
"url": "https://gizmodo.com/chipotlebitcoinethereumdogecoincryptoburritospaym1849006239",
"urlToImage": "https://i.kinjaimg.com/gawkermedia/image/upload/c_fill,f_auto,fl_progressive,g_center,h_675,pg_1,q_80,w_1200/a06df2b7927727af38b388d72e721dce.jpg",
"publishedAt": "20220602T10:00:00Z",
"content": "Customers at Chipotle will now be able to pay for their burritos with cryptocurrencies, including bitcoin, ether, and dogecoin, in a move that could help crypto become more mainstream, according to t… [+3130 chars]"
},
{
"source": {
"id": "engadget",
"name": "Engadget"
},
"author": "Jon Fingas",
"title": "US Treasury issues firstever sanctions against a cryptocurrency mixer",
"description": "Cryptocurrency mixers are sometimes used to help online criminals launder their stolen money by hiding its true origins, and the US Treasury is now ready to clamp down on them when hostile governments are involved. The department has issued its first sanction…",
"url": "https://www.engadget.com/ustreasurysanctionsvirtualcurrencymixernorthkorea203502517.html",
"urlToImage": "https://s.yimg.com/os/creatruploadedimages/202111/0db21000424611eca8deedfca39c0e00",
"publishedAt": "20220506T20:35:02Z",
"content": "Cryptocurrency mixers are sometimes used to help online criminals launder their stolen money by hiding its true origins, and the US Treasury is now ready to clamp down on them when hostile government… [+1432 chars]"
},
{
"source": {
"id": "theverge",
"name": "The Verge"
},
"author": "Nilay Patel",
"title": "How Ukraine’s wide use of cryptocurrency is playing out during the war",
"description": "Michael Chobanian, the president of the Blockchain Association of Ukraine, discusses how cryptocurrency and blockchain could reshape the Ukrainian government.",
"url": "https://www.theverge.com/23138465/decoderukrainewarcryptocurrencymichaelchobanianinterviewbitcoinusdt",
"urlToImage": "https://cdn.voxcdn.com/thumbor/hyxIGAl42Cl6sDQJzy2cD3X4tEg=/0x148:2050x1221/fitin/1200x630/cdn.voxcdn.com/uploads/chorus_asset/file/23583410/VRG_ILLO_Decoder_Michael_Chobanian.jpg",
"publishedAt": "20220524T15:23:59Z",
"content": "Photo Illustration by Grayson Blackmon / The Verge; Photo by Oliyarnyk / CCBYSA4.0\r\n\n \n\n\n With Michael Chobanian, the president of the Blockchain Association of Ukraine The terrible, unprovoked wa… [+52103 chars]"
},
{
"source": {
"id": "reuters",
"name": "Reuters"
},
"author": "Reuters Editorial",
"title": "Cryptoverse: rising interest hurts Bitcoin  Reuters",
"description": "From Bitcoin's dramatic drop to a new way to pay for your luxury Gucci handbag, we round up the week's big stories in cryptocurrencies. Kristy Kilburn reports.",
"url": "https://www.reuters.com/video/watch/idOV695710052022RP1",
"urlToImage": "https://static.reuters.com/resources/r/?d=20220510&i=OV695710052022RP1&r=OV695710052022RP1&t=2",
"publishedAt": "20220510T18:29:04Z",
"content": "Posted \r\nFrom Bitcoin's dramatic drop to a new way to pay for your luxury Gucci handbag, we round up the week's big stories in cryptocurrencies. Kristy Kilburn reports."
},
{
"source": {
"id": "reuters",
"name": "Reuters"
},
"author": null,
"title": "Bitcoin falls 7.2% to $28758  Reuters.com",
"description": "Bitcoin fell 7.23% to $28,758.29 at 22:05 GMT on Wednesday, losing $2,241.68 from its previous close.",
"url": "https://www.reuters.com/business/bitcoinfalls722875820220511/",
"urlToImage": "https://www.reuters.com/resizer/lEayor8c9TPjZOEmIjrJf3ylQk=/1200x628/smart/filters:quality(80)/cloudfrontuseast2.images.arcpublishing.com/reuters/3RKTTS2CRVM2BEEDCB2ZIPV3L4.jpg",
"publishedAt": "20220511T22:18:00Z",
"content": "May 11 (Reuters)  Bitcoin fell 7.23% to $28,758.29 at 22:05 GMT on Wednesday, losing $2,241.68 from its previous close.\r\nBitcoin, the world's biggest and bestknown cryptocurrency, is down 40.4% fro… [+361 chars]"
},
{
"source": {
"id": "reuters",
"name": "Reuters"
},
"author": null,
"title": "Bitcoin falls 7.8% to $31333  Reuters",
"description": "Bitcoin dropped 7.81% to $31,333.41 at 20:03 GMT on Monday, losing $2,655.98 from its previous close.",
"url": "https://www.reuters.com/business/bitcoinfalls783133320220509/",
"urlToImage": "https://www.reuters.com/resizer/BWWUiBev3PUU7DomJJXE2Iqz30=/1200x628/smart/filters:quality(80)/cloudfrontuseast2.images.arcpublishing.com/reuters/OZ6CVP422VIJ5A6UACI72VHUSY.jpg",
"publishedAt": "20220509T20:11:00Z",
"content": "May 9 (Reuters)  Bitcoin dropped 7.81% to $31,333.41 at 20:03 GMT on Monday, losing $2,655.98 from its previous close.\r\nBitcoin, the world's biggest and bestknown cryptocurrency, is down 35% from t… [+351 chars]"
},
{
"source": {
"id": "reuters",
"name": "Reuters"
},
"author": null,
"title": "Bitcoin gains over 5% to $31441.76  Reuters",
"description": "Bitcoin rose 5.2% to $31,441.76 at 2000 GMT on Monday, adding $1,552.78 to its previous close.",
"url": "https://www.reuters.com/markets/us/bitcoingainsover5314417620220606/",
"urlToImage": "https://www.reuters.com/resizer/lEayor8c9TPjZOEmIjrJf3ylQk=/1200x628/smart/filters:quality(80)/cloudfrontuseast2.images.arcpublishing.com/reuters/3RKTTS2CRVM2BEEDCB2ZIPV3L4.jpg",
"publishedAt": "20220606T20:11:00Z",
"content": "June 6 (Reuters)  Bitcoin rose 5.2% to $31,441.76 at 2000 GMT on Monday, adding $1,552.78 to its previous close.\r\nThe world's biggest and bestknown cryptocurrency is down 34.8% from the year's high… [+335 chars]"
},
{
"source": {
"id": null,
"name": "Bitcoin.com"
},
"author": null,
"title": "Bitcoin, Ethereum Technical Analysis: BTC Slips to 10Month Low, Below $33000 – Market Updates Bitcoin News  Bitcoin News",
"description": "<ol><li>Bitcoin, Ethereum Technical Analysis: BTC Slips to 10Month Low, Below $33000 – Market Updates Bitcoin News  Bitcoin News\r\n</li><li>Bitcoin drops 50% from peak, near lowest levels in last one year  Economic Times\r\n</li><li>Crypto Crash: Why is cryptoc…",
"url": "https://news.bitcoin.com/bitcoinethereumtechnicalanalysisbtcslipsto10monthlowbelow33000/",
"urlToImage": "https://static.news.bitcoin.com/wpcontent/uploads/2022/05/shutterstock_19787988561.jpg",
"publishedAt": "20220509T13:45:30Z",
"content": "BTC fell to its lowest level since last July, as prices dropped below $33,000 to start the week. The selloff in cryptocurrency started last week, following the Fed’s decision to hike interest rates b… [+2651 chars]"
},
{
"source": {
"id": "wired",
"name": "Wired"
},
"author": "Gian M. Volpicelli",
"title": "Terra’s Crypto Meltdown Was Inevitable",
"description": "An epic crash in algorithmic stablecoins spells trouble for the entire industry.",
"url": "https://www.wired.com/story/terralunacollapse/",
"urlToImage": "https://media.wired.com/photos/627d5bac0c454f12d5142672/191:100/w_1280,c_limit/TerraLunaStableCoinsBusiness1382597134.jpg",
"publishedAt": "20220512T19:14:35Z",
"content": "At a Mexican restaurant in North London a few weeks ago, a handful of smalltime but remarkably discerning retail cryptocurrency investors predicted that terra and luna would crash. Several of them w… [+2779 chars]"
},
{
"source": {
"id": "reuters",
"name": "Reuters"
},
"author": null,
"title": "Cryptoverse: Is the end of the bitcoin winter nigh?  Reuters.com",
"description": "The crypto winter is into its ninth week and bitcoin can't shake the chills.",
"url": "https://www.reuters.com/markets/europe/cryptoverseisendbitcoinwinternigh20220524/",
"urlToImage": "https://www.reuters.com/resizer/tskc85lFRu_oQwAPvUhDH1JIOVU=/1200x628/smart/filters:quality(80)/cloudfrontuseast2.images.arcpublishing.com/reuters/FNX6RIL72VISZBW5RI2INPQ2YA.jpg",
"publishedAt": "20220524T05:30:00Z",
"content": "May 24 (Reuters)  The crypto winter is into its ninth week and bitcoin can't shake the chills.\r\nFrom technicals to turnover, market indicators are flashing red or amber for the biggest cryptocurrenc… [+3967 chars]"
},
{
"source": {
"id": "reuters",
"name": "Reuters"
},
"author": null,
"title": "Cryptoverse: Buying the dip? Bitcoin's a rates rookie  Reuters",
"description": "Bitcoin has scant experience with rising interest rates, posing perils for investors looking to capitalize on its dramatic drop.",
"url": "https://www.reuters.com/business/finance/cryptoversebuyingdipbitcoinsratesrookie20220510/",
"urlToImage": "https://www.reuters.com/resizer/mhnlNnjhE1yCQ7JRZnTaDhnC_s=/1200x628/smart/filters:quality(80)/cloudfrontuseast2.images.arcpublishing.com/reuters/5O2YCJEQRNIP3KJAD2CMYQT3HM.jpg",
"publishedAt": "20220510T05:17:00Z",
"content": "May 10 (Reuters)  Bitcoin has scant experience with rising interest rates, posing perils for investors looking to capitalize on its dramatic drop.\r\nThe cryptocurrency has tanked along with other ris… [+4315 chars]"
},
{
"source": {
"id": null,
"name": "CNET"
},
"author": "Julian Dossett",
"title": "Terra 2.0 Launch Planned Following Luna Meltdown. This Week's Top Bitcoin and Crypto News  CNET",
"description": "All the bitcoin, cryptocurrency and NFT news for the week ending May 27.",
"url": "https://www.cnet.com/personalfinance/crypto/terra20launchplannedfollowinglunameltdownthisweekstopbitcoinandcryptonews/",
"urlToImage": "https://www.cnet.com/a/img/resize/941676ec40a5f484a5a3421c0fab4fc66d83adf2/2022/04/23/ddcb4d2b32be43f0b48ff6d31e44bec9/cryptostory1.png?auto=webp&fit=crop&height=630&width=1200",
"publishedAt": "20220528T17:36:26Z",
"content": "Terra is launching a new blockchain with a new luna token. Seth Green's animated show starring his stolen NFT is up in the air. The largest stablecoin issuer in the world launched a token for the Mex… [+3792 chars]"
},
{
"source": {
"id": null,
"name": "CNET"
},
"author": "Julian Dossett",
"title": "After Luna Collapse, Terra Looks to New Blockchain. This Week's Top Bitcoin and Crypto News  CNET",
"description": "All the bitcoin, cryptocurrency and NFT news for the week ending May 20.",
"url": "https://www.cnet.com/personalfinance/crypto/afterlunacollapseterralookstonewblockchainthisweekstopbitcoinandcryptonews/",
"urlToImage": "https://www.cnet.com/a/img/resize/941676ec40a5f484a5a3421c0fab4fc66d83adf2/2022/04/23/ddcb4d2b32be43f0b48ff6d31e44bec9/cryptostory1.png?auto=webp&fit=crop&height=630&width=1200",
"publishedAt": "20220521T11:30:06Z",
"content": "After two linked cryptocurrencies collapsed and became almost worthless, a plan emerged to create a new blockchain for the luna cryptocurrency. Seth Green's NFTs were stolen in a phishing scam. Nike … [+3932 chars]"
},
{
"source": {
"id": null,
"name": "CNET"
},
"author": "Julian Dossett",
"title": "Terra 2.0 Is Now Live, Following Luna Meltdown. This Week's Top Bitcoin and Crypto News  CNET",
"description": "All the bitcoin, cryptocurrency and NFT news for the week ending May 27.",
"url": "https://www.cnet.com/personalfinance/crypto/terra20launchedtodayfollowinglunameltdownthisweekstopbitcoinandcryptonews/",
"urlToImage": "https://www.cnet.com/a/img/resize/941676ec40a5f484a5a3421c0fab4fc66d83adf2/2022/04/23/ddcb4d2b32be43f0b48ff6d31e44bec9/cryptostory1.png?auto=webp&fit=crop&height=630&width=1200",
"publishedAt": "20220528T20:57:40Z",
"content": "Terra launched a new blockchain with a new luna token, today. Seth Green's animated show starring his stolen NFT is up in the air. The largest stablecoin issuer in the world launched a token for the … [+3854 chars]"
}
]
}